{"mean":{"confidence_interval":{"confidence_level":0.95,"lower_bound":-0.06021533903504765,"upper_bound":-0.02862493600044709},"point_estimate":-0.043992876421445226,"standard_error":0.00803907240727123},"median":{"confidence_interval":{"confidence_level":0.95,"lower_bound":-0.05054750994270285,"upper_bound":-0.035525088108966596},"point_estimate":-0.04186691241486151,"standard_error":0.0037264540232910307}}